{
  "prepare_queue": {
    "installed": [],
    "uninstalled": []
  },
  "config_munge": {
    "files": {}
  },
  "installed_plugins": {
    "cordova-plugin-whitelist": {
      "PACKAGE_NAME": "com.pccu.w"
    },
    "cordova-plugin-network-information": {
      "PACKAGE_NAME": "com.pccu.w"
    },
    "cordova-plugin-googlemaps": {
      "PACKAGE_NAME": "com.pccu.w"
    }
  },
  "dependent_plugins": {},
  "modules": [
    {
      "file": "plugins/cordova-plugin-network-information/www/network.js",
      "id": "cordova-plugin-network-information.network",
      "pluginId": "cordova-plugin-network-information",
      "clobbers": [
        "navigator.connection",
        "navigator.network.connection"
      ]
    },
    {
      "file": "plugins/cordova-plugin-network-information/www/Connection.js",
      "id": "cordova-plugin-network-information.Connection",
      "pluginId": "cordova-plugin-network-information",
      "clobbers": [
        "Connection"
      ]
    },
    {
      "file": "plugins/cordova-plugin-network-information/src/browser/network.js",
      "id": "cordova-plugin-network-information.NetworkInfoProxy",
      "pluginId": "cordova-plugin-network-information",
      "runs": true
    },
    {
      "file": "plugins/cordova-plugin-googlemaps/www/Promise.js",
      "id": "cordova-plugin-googlemaps.Promise",
      "pluginId": "cordova-plugin-googlemaps"
    },
    {
      "file": "plugins/cordova-plugin-googlemaps/www/BaseClass.js",
      "id": "cordova-plugin-googlemaps.BaseClass",
      "pluginId": "cordova-plugin-googlemaps",
      "runs": true
    },
    {
      "file": "plugins/cordova-plugin-googlemaps/www/BaseArrayClass.js",
      "id": "cordova-plugin-googlemaps.BaseArrayClass",
      "pluginId": "cordova-plugin-googlemaps",
      "runs": true
    },
    {
      "file": "plugins/cordova-plugin-googlemaps/www/LatLng.js",
      "id": "cordova-plugin-googlemaps.LatLng",
      "pluginId": "cordova-plugin-googlemaps",
      "runs": true
    },
    {
      "file": "plugins/cordova-plugin-googlemaps/www/LatLngBounds.js",
      "id": "cordova-plugin-googlemaps.LatLngBounds",
      "pluginId": "cordova-plugin-googlemaps",
      "runs": true
    },
    {
      "file": "plugins/cordova-plugin-googlemaps/www/VisibleRegion.js",
      "id": "cordova-plugin-googlemaps.VisibleRegion",
      "pluginId": "cordova-plugin-googlemaps",
      "runs": true
    },
    {
      "file": "plugins/cordova-plugin-googlemaps/www/Location.js",
      "id": "cordova-plugin-googlemaps.Location",
      "pluginId": "cordova-plugin-googlemaps",
      "runs": true
    },
    {
      "file": "plugins/cordova-plugin-googlemaps/www/CameraPosition.js",
      "id": "cordova-plugin-googlemaps.CameraPosition",
      "pluginId": "cordova-plugin-googlemaps",
      "runs": true
    },
    {
      "file": "plugins/cordova-plugin-googlemaps/www/Polyline.js",
      "id": "cordova-plugin-googlemaps.Polyline",
      "pluginId": "cordova-plugin-googlemaps",
      "runs": true
    },
    {
      "file": "plugins/cordova-plugin-googlemaps/www/Polygon.js",
      "id": "cordova-plugin-googlemaps.Polygon",
      "pluginId": "cordova-plugin-googlemaps",
      "runs": true
    },
    {
      "file": "plugins/cordova-plugin-googlemaps/www/Marker.js",
      "id": "cordova-plugin-googlemaps.Marker",
      "pluginId": "cordova-plugin-googlemaps",
      "runs": true
    },
    {
      "file": "plugins/cordova-plugin-googlemaps/www/HtmlInfoWindow.js",
      "id": "cordova-plugin-googlemaps.HtmlInfoWindow",
      "pluginId": "cordova-plugin-googlemaps",
      "runs": true
    },
    {
      "file": "plugins/cordova-plugin-googlemaps/www/Circle.js",
      "id": "cordova-plugin-googlemaps.Circle",
      "pluginId": "cordova-plugin-googlemaps",
      "runs": true
    },
    {
      "file": "plugins/cordova-plugin-googlemaps/www/TileOverlay.js",
      "id": "cordova-plugin-googlemaps.TileOverlay",
      "pluginId": "cordova-plugin-googlemaps",
      "runs": true
    },
    {
      "file": "plugins/cordova-plugin-googlemaps/www/GroundOverlay.js",
      "id": "cordova-plugin-googlemaps.GroundOverlay",
      "pluginId": "cordova-plugin-googlemaps",
      "runs": true
    },
    {
      "file": "plugins/cordova-plugin-googlemaps/www/Common.js",
      "id": "cordova-plugin-googlemaps.Common",
      "pluginId": "cordova-plugin-googlemaps",
      "runs": true
    },
    {
      "file": "plugins/cordova-plugin-googlemaps/www/encoding.js",
      "id": "cordova-plugin-googlemaps.encoding",
      "pluginId": "cordova-plugin-googlemaps",
      "runs": true
    },
    {
      "file": "plugins/cordova-plugin-googlemaps/www/spherical.js",
      "id": "cordova-plugin-googlemaps.spherical",
      "pluginId": "cordova-plugin-googlemaps",
      "runs": true
    },
    {
      "file": "plugins/cordova-plugin-googlemaps/www/poly.js",
      "id": "cordova-plugin-googlemaps.poly",
      "pluginId": "cordova-plugin-googlemaps",
      "runs": true
    },
    {
      "file": "plugins/cordova-plugin-googlemaps/www/Geocoder.js",
      "id": "cordova-plugin-googlemaps.Geocoder",
      "pluginId": "cordova-plugin-googlemaps",
      "runs": true
    },
    {
      "file": "plugins/cordova-plugin-googlemaps/www/LocationService.js",
      "id": "cordova-plugin-googlemaps.LocationService",
      "pluginId": "cordova-plugin-googlemaps",
      "runs": true
    },
    {
      "file": "plugins/cordova-plugin-googlemaps/www/Map.js",
      "id": "cordova-plugin-googlemaps.Map",
      "pluginId": "cordova-plugin-googlemaps",
      "runs": true
    },
    {
      "file": "plugins/cordova-plugin-googlemaps/www/event.js",
      "id": "cordova-plugin-googlemaps.event",
      "pluginId": "cordova-plugin-googlemaps",
      "runs": true
    },
    {
      "file": "plugins/cordova-plugin-googlemaps/www/MapTypeId.js",
      "id": "cordova-plugin-googlemaps.MapTypeId",
      "pluginId": "cordova-plugin-googlemaps",
      "runs": true
    },
    {
      "file": "plugins/cordova-plugin-googlemaps/www/KmlOverlay.js",
      "id": "cordova-plugin-googlemaps.KmlOverlay",
      "pluginId": "cordova-plugin-googlemaps",
      "runs": true
    },
    {
      "file": "plugins/cordova-plugin-googlemaps/www/KmlLoader.js",
      "id": "cordova-plugin-googlemaps.KmlLoader",
      "pluginId": "cordova-plugin-googlemaps",
      "runs": true
    },
    {
      "file": "plugins/cordova-plugin-googlemaps/www/Environment.js",
      "id": "cordova-plugin-googlemaps.Environment",
      "pluginId": "cordova-plugin-googlemaps",
      "runs": true
    },
    {
      "file": "plugins/cordova-plugin-googlemaps/www/MarkerCluster.js",
      "id": "cordova-plugin-googlemaps.MarkerCluster",
      "pluginId": "cordova-plugin-googlemaps",
      "runs": true
    },
    {
      "file": "plugins/cordova-plugin-googlemaps/www/Cluster.js",
      "id": "cordova-plugin-googlemaps.Cluster",
      "pluginId": "cordova-plugin-googlemaps",
      "runs": true
    },
    {
      "file": "plugins/cordova-plugin-googlemaps/www/geomodel.js",
      "id": "cordova-plugin-googlemaps.geomodel",
      "pluginId": "cordova-plugin-googlemaps",
      "runs": true
    },
    {
      "file": "plugins/cordova-plugin-googlemaps/www/commandQueueExecutor.js",
      "id": "cordova-plugin-googlemaps.commandQueueExecutor",
      "pluginId": "cordova-plugin-googlemaps",
      "runs": true
    },
    {
      "file": "plugins/cordova-plugin-googlemaps/www/pluginInit.js",
      "id": "cordova-plugin-googlemaps.pluginInit",
      "pluginId": "cordova-plugin-googlemaps",
      "runs": true
    },
    {
      "file": "plugins/cordova-plugin-googlemaps/www/StreetViewPanorama.js",
      "id": "cordova-plugin-googlemaps.StreetViewPanorama",
      "pluginId": "cordova-plugin-googlemaps",
      "runs": true
    },
    {
      "file": "plugins/cordova-plugin-googlemaps/www/Overlay.js",
      "id": "cordova-plugin-googlemaps.Overlay",
      "pluginId": "cordova-plugin-googlemaps",
      "runs": true
    },
    {
      "file": "plugins/cordova-plugin-googlemaps/www/Thread.js",
      "id": "cordova-plugin-googlemaps.Thread",
      "pluginId": "cordova-plugin-googlemaps",
      "runs": true
    },
    {
      "file": "plugins/cordova-plugin-googlemaps/www/InlineWorker.js",
      "id": "cordova-plugin-googlemaps.InlineWorker",
      "pluginId": "cordova-plugin-googlemaps",
      "runs": true
    },
    {
      "file": "plugins/cordova-plugin-googlemaps/www/plugin-loader-for-browser.js",
      "id": "cordova-plugin-googlemaps.googlemaps-cdv-plugin",
      "pluginId": "cordova-plugin-googlemaps",
      "clobbers": [
        "plugin.google.maps"
      ]
    },
    {
      "file": "plugins/cordova-plugin-googlemaps/www/js_CordovaGoogleMaps-for-browser.js",
      "id": "cordova-plugin-googlemaps.js_CordovaGoogleMaps",
      "pluginId": "cordova-plugin-googlemaps",
      "runs": true
    },
    {
      "file": "plugins/cordova-plugin-googlemaps/src/browser/CordovaGoogleMaps.js",
      "id": "cordova-plugin-googlemaps.CordovaGoogleMaps",
      "pluginId": "cordova-plugin-googlemaps",
      "runs": true
    },
    {
      "file": "plugins/cordova-plugin-googlemaps/src/browser/PluginMap.js",
      "id": "cordova-plugin-googlemaps.PluginMap",
      "pluginId": "cordova-plugin-googlemaps",
      "runs": true
    },
    {
      "file": "plugins/cordova-plugin-googlemaps/src/browser/PluginMarker.js",
      "id": "cordova-plugin-googlemaps.PluginMarker",
      "pluginId": "cordova-plugin-googlemaps",
      "runs": true
    },
    {
      "file": "plugins/cordova-plugin-googlemaps/src/browser/PluginCircle.js",
      "id": "cordova-plugin-googlemaps.PluginCircle",
      "pluginId": "cordova-plugin-googlemaps",
      "runs": true
    },
    {
      "file": "plugins/cordova-plugin-googlemaps/src/browser/PluginGroundOverlay.js",
      "id": "cordova-plugin-googlemaps.PluginGroundOverlay",
      "pluginId": "cordova-plugin-googlemaps",
      "runs": true
    },
    {
      "file": "plugins/cordova-plugin-googlemaps/src/browser/PluginKmlOverlay.js",
      "id": "cordova-plugin-googlemaps.PluginKmlOverlay",
      "pluginId": "cordova-plugin-googlemaps",
      "runs": true
    },
    {
      "file": "plugins/cordova-plugin-googlemaps/src/browser/PluginMarkerCluster.js",
      "id": "cordova-plugin-googlemaps.PluginMarkerCluster",
      "pluginId": "cordova-plugin-googlemaps",
      "runs": true
    },
    {
      "file": "plugins/cordova-plugin-googlemaps/src/browser/PluginPolygon.js",
      "id": "cordova-plugin-googlemaps.PluginPolygon",
      "pluginId": "cordova-plugin-googlemaps",
      "runs": true
    },
    {
      "file": "plugins/cordova-plugin-googlemaps/src/browser/PluginPolyline.js",
      "id": "cordova-plugin-googlemaps.PluginPolyline",
      "pluginId": "cordova-plugin-googlemaps",
      "runs": true
    },
    {
      "file": "plugins/cordova-plugin-googlemaps/src/browser/PluginStreetViewPanorama.js",
      "id": "cordova-plugin-googlemaps.PluginStreetViewPanorama",
      "pluginId": "cordova-plugin-googlemaps",
      "runs": true
    },
    {
      "file": "plugins/cordova-plugin-googlemaps/src/browser/PluginTileOverlay.js",
      "id": "cordova-plugin-googlemaps.PluginTileOverlay",
      "pluginId": "cordova-plugin-googlemaps",
      "runs": true
    },
    {
      "file": "plugins/cordova-plugin-googlemaps/src/browser/PluginLocationService.js",
      "id": "cordova-plugin-googlemaps.PluginLocationService",
      "pluginId": "cordova-plugin-googlemaps",
      "runs": true
    },
    {
      "file": "plugins/cordova-plugin-googlemaps/src/browser/PluginGeocoder.js",
      "id": "cordova-plugin-googlemaps.PluginGeocoder",
      "pluginId": "cordova-plugin-googlemaps",
      "runs": true
    },
    {
      "file": "plugins/cordova-plugin-googlemaps/src/browser/PluginEnvironment.js",
      "id": "cordova-plugin-googlemaps.PluginEnvironment",
      "pluginId": "cordova-plugin-googlemaps",
      "runs": true
    }
  ],
  "plugin_metadata": {
    "cordova-plugin-whitelist": "1.3.4",
    "cordova-plugin-network-information": "2.0.2",
    "cordova-plugin-googlemaps": "2.7.1"
  }
}
