{
    "result": {
        "limit": 1000,
        "offset": 0,
        "count": 8,
        "sort": "",
        "results": [
            {
                "拖吊責任區": "臺北市士林區、北投區",
                "地址": "臺北市士林區基河路328號旁空地 (基河二停車場內)",
                "拖吊保管場名稱": "勝倫國際有限公司",
                "_id": 1,
                "電話": "02-2833-3909或02-2833-3138～9或0800-010168"
            },
            {
                "拖吊責任區": "臺北市中正區、萬華區",
                "地址": "臺北市中正區南昌路1段5號1樓(仰德大樓停車場內)",
                "拖吊保管場名稱": "晨旺有限公司",
                "_id": 2,
                "電話": "02-2356-9336或02-2356-8123或0800-072666"
            },
            {
                "拖吊責任區": "臺北市大安區、文山區",
                "地址": "臺北市大安區信義路3段147巷10號空地(大安文山保管場停車場內)",
                "拖吊保管場名稱": "永耀汽車有限公司",
                "_id": 3,
                "電話": "02-2705-2481或02-2705-2483～4或0800-035567"
            },
            {
                "拖吊責任區": "臺北市松山區、內湖區",
                "地址": "臺北市內湖區新湖二路191巷17號斜對面空地 (天成舊宗停車場內)",
                "拖吊保管場名稱": "富督企業有限公司",
                "_id": 4,
                "電話": "02-2796-1088或0800-877168"
            },
            {
                "拖吊責任區": "臺北市中山區、大同區",
                "地址": "臺北市中山區建國北路2段11巷新光大樓後對面空地(便利停車場建國站內)",
                "拖吊保管場名稱": "亞立國際有限公司",
                "_id": 5,
                "電話": "02-2506-1359或02-2506-0820或0800-890808"
            },
            {
                "拖吊責任區": "",
                "地址": "臺北市松山區撫遠街419-1號旁",
                "拖吊保管場名稱": "公有撫遠逾期車輛放置場",
                "_id": 6,
                "電話": "02-2761-6571"
            },
            {
                "拖吊責任區": "",
                "地址": "臺北市松山區濱江街888-1號對面(僅描述相對位置)",
                "拖吊保管場名稱": "公有濱江第二逾期車輛放置場",
                "_id": 7,
                "電話": "02-2760-1244"
            },
            {
                "拖吊責任區": "",
                "地址": "臺北市內湖區新湖一路193號",
                "拖吊保管場名稱": "交通大隊公有保管場",
                "_id": 8,
                "電話": "02-2793-3501"
            }
        ]
    }
}